id,botanical_name,common_names,native,origin_states,type,height_min_m,height_max_m,spread_min_m,spread_max_m,years_to_mature,sun_tolerated,frost_tolerance_draft,climate_zones_draft,cautions_draft,pet_safe_flag_draft,weed_NSW_draft,weed_VIC_draft,weed_QLD_draft,weed_SA_draft,weed_WA_draft,weed_TAS_draft,weed_NT_draft,weed_ACT_draft,size_verified (Y/N),sun_verified (Y/N),frost_verified (Y/N),zones_verified (Y/N),weed_verified_all_states (Y/N),weed_list_sources_checked,horticultural_source_url,verified_by,verified_on,corrections_needed
grevillea-robyn-gordon,Grevillea 'Robyn Gordon',Robyn Gordon grevillea,yes,QLD NSW,shrub,1.5,2,2,3,3,full_sun / part_shade,light,tropical / subtropical / warm_temperate / cool_temperate,,marked pet-safe,unknown,unknown,unknown,unknown,unknown,unknown,unknown,unknown,,,,,,,,,,
grevillea-peaches-cream,Grevillea 'Peaches & Cream',Peaches and Cream grevillea,yes,QLD NSW,shrub,1.5,2.5,2,3,3,full_sun / part_shade,light,tropical / subtropical / warm_temperate / cool_temperate,,marked pet-safe,unknown,unknown,unknown,unknown,unknown,unknown,unknown,unknown,,,,,,,,,,
grevillea-ned-kelly,Grevillea 'Ned Kelly',Ned Kelly grevillea,yes,NSW,shrub,1,1.5,2,3,3,full_sun / part_shade,moderate,subtropical / warm_temperate / cool_temperate,,marked pet-safe,unknown,unknown,unknown,unknown,unknown,unknown,unknown,unknown,,,,,,,,,,
grevillea-lanigera-mt-tamboritha,Grevillea lanigera 'Mt Tamboritha',Woolly grevillea,yes,NSW VIC,shrub,0.5,1,1.5,2,3,full_sun / part_shade,heavy,warm_temperate / cool_temperate / alpine,,marked pet-safe,unknown,unknown,unknown,unknown,unknown,unknown,unknown,unknown,,,,,,,,,,
grevillea-juniperina,Grevillea juniperina,Juniper-leaf grevillea,yes,NSW VIC SA,shrub,1,1.5,1.5,2.5,3,full_sun / part_shade,heavy,warm_temperate / cool_temperate / arid,,marked pet-safe,unknown,unknown,unknown,unknown,unknown,unknown,unknown,unknown,,,,,,,,,,
callistemon-little-john,Callistemon 'Little John',Dwarf bottlebrush,yes,NSW,shrub,0.8,1.2,1,1.5,3,full_sun / part_shade,moderate,subtropical / warm_temperate / cool_temperate,,marked pet-safe,unknown,unknown,unknown,unknown,unknown,unknown,unknown,unknown,,,,,,,,,,
callistemon-viminalis-captain-cook,Callistemon viminalis 'Captain Cook',Weeping bottlebrush,yes,QLD NSW,shrub,2,3,1.5,2.5,4,full_sun / part_shade,light,tropical / subtropical / warm_temperate / cool_temperate,,marked pet-safe,unknown,unknown,unknown,unknown,unknown,unknown,unknown,unknown,,,,,,,,,,
callistemon-citrinus-endeavour,Callistemon citrinus 'Endeavour',Crimson bottlebrush,yes,QLD NSW VIC,shrub,3,4,2,3,4,full_sun / part_shade,moderate,subtropical / warm_temperate / cool_temperate,,marked pet-safe,unknown,unknown,unknown,unknown,unknown,unknown,unknown,unknown,,,,,,,,,,
melaleuca-claret-tops,Melaleuca 'Claret Tops',Claret Tops melaleuca,yes,NSW,shrub,1,1.5,1,1.5,3,full_sun / part_shade,light,subtropical / warm_temperate / cool_temperate,,marked pet-safe,unknown,unknown,unknown,unknown,unknown,unknown,unknown,unknown,,,,,,,,,,
melaleuca-linariifolia,Melaleuca linariifolia,Snow in summer,yes,QLD NSW,tree,5,8,3,5,8,full_sun / part_shade,light,tropical / subtropical / warm_temperate / cool_temperate,,not marked,unknown,unknown,unknown,unknown,unknown,unknown,unknown,unknown,,,,,,,,,,
westringia-fruticosa,Westringia fruticosa,Coastal rosemary,yes,NSW QLD VIC,shrub,1,1.5,1.5,2,3,full_sun / part_shade,light,subtropical / warm_temperate / cool_temperate,,marked pet-safe,unknown,unknown,unknown,unknown,unknown,unknown,unknown,unknown,,,,,,,,,,
westringia-wynyabbie-gem,Westringia 'Wynyabbie Gem',Wynyabbie Gem westringia,yes,NSW,shrub,1.5,2,1.5,2,3,full_sun / part_shade,light,subtropical / warm_temperate / cool_temperate,,marked pet-safe,unknown,unknown,unknown,unknown,unknown,unknown,unknown,unknown,,,,,,,,,,
correa-alba,Correa alba,White correa,yes,NSW VIC SA TAS,shrub,1,1.5,1.5,2,3,full_sun / part_shade,light,warm_temperate / cool_temperate / subtropical,,marked pet-safe,unknown,unknown,unknown,unknown,unknown,unknown,unknown,unknown,,,,,,,,,,
correa-reflexa,Correa reflexa,Native fuchsia,yes,NSW VIC SA TAS WA,shrub,0.5,1,1,1.5,3,part_shade / shade,moderate,warm_temperate / cool_temperate,,marked pet-safe,unknown,unknown,unknown,unknown,unknown,unknown,unknown,unknown,,,,,,,,,,
correa-dusky-bells,Correa 'Dusky Bells',Dusky Bells correa,yes,VIC,shrub,0.5,1,1,1.5,3,part_shade / shade,moderate,warm_temperate / cool_temperate,,marked pet-safe,unknown,unknown,unknown,unknown,unknown,unknown,unknown,unknown,,,,,,,,,,
banksia-spinulosa-birthday-candles,Banksia spinulosa 'Birthday Candles',Birthday Candles banksia,yes,NSW QLD,shrub,0.5,1,0.8,1.2,3,full_sun / part_shade,light,subtropical / warm_temperate / cool_temperate,,marked pet-safe,unknown,unknown,unknown,unknown,unknown,unknown,unknown,unknown,,,,,,,,,,
banksia-ericifolia-giant-candles,Banksia ericifolia 'Giant Candles',Giant Candles banksia,yes,NSW,shrub,2,3,2,3,4,full_sun / part_shade,light,subtropical / warm_temperate / cool_temperate,,marked pet-safe,unknown,unknown,unknown,unknown,unknown,unknown,unknown,unknown,,,,,,,,,,
hakea-laurina,Hakea laurina,Pincushion hakea,yes,WA,tree,4,6,3,4,6,full_sun / part_shade,light,warm_temperate / cool_temperate / arid,spiky,not marked,unknown,unknown,unknown,unknown,unknown,unknown,unknown,unknown,,,,,,,,,,
acacia-cognata-limelight,Acacia cognata 'Limelight',Limelight wattle,yes,NSW,shrub,0.6,1,1,1.5,2,full_sun / part_shade,light,subtropical / warm_temperate / cool_temperate,,marked pet-safe,unknown,unknown,unknown,unknown,unknown,unknown,unknown,unknown,,,,,,,,,,
acacia-baileyana,Acacia baileyana,Cootamundra wattle,yes,NSW,tree,5,8,4,6,5,full_sun / part_shade,heavy,warm_temperate / cool_temperate / arid,,not marked,unknown,"LISTED (draft, unverified)",unknown,"LISTED (draft, unverified)","LISTED (draft, unverified)","LISTED (draft, unverified)",unknown,unknown,,,,,,,,,,
acacia-pycnantha,Acacia pycnantha,Golden wattle,yes,SA VIC NSW,tree,4,8,3,5,6,full_sun / part_shade,heavy,warm_temperate / cool_temperate / arid,,not marked,unknown,unknown,unknown,unknown,unknown,unknown,unknown,unknown,,,,,,,,,,
acacia-podalyriifolia,Acacia podalyriifolia,Mt Morgan wattle,yes,QLD NSW,shrub,3,5,3,4,5,full_sun / part_shade,moderate,subtropical / warm_temperate / cool_temperate / arid,,not marked,unknown,unknown,unknown,unknown,unknown,unknown,unknown,unknown,,,,,,,,,,
leptospermum-pacific-beauty,Leptospermum 'Pacific Beauty',Pacific Beauty tea tree,yes,NSW,shrub,1.5,2,1.5,2,3,full_sun / part_shade,light,subtropical / warm_temperate / cool_temperate,,marked pet-safe,unknown,unknown,unknown,unknown,unknown,unknown,unknown,unknown,,,,,,,,,,
leptospermum-petersonii,Leptospermum petersonii,Lemon-scented tea tree,yes,QLD NSW,shrub,3,5,2,3,5,full_sun / part_shade,light,subtropical / warm_temperate / cool_temperate,,not marked,unknown,unknown,unknown,unknown,unknown,unknown,unknown,unknown,,,,,,,,,,
philotheca-myoporoides,Philotheca myoporoides,Long-leaf wax flower,yes,NSW VIC QLD,shrub,1.5,2,1.5,2,4,part_shade / shade,light,subtropical / warm_temperate / cool_temperate,,marked pet-safe,unknown,unknown,unknown,unknown,unknown,unknown,unknown,unknown,,,,,,,,,,
boronia-megastigma,Boronia megastigma,Brown boronia,yes,WA,shrub,1,1.5,0.8,1,4,part_shade / shade,moderate,warm_temperate / cool_temperate,,not marked,unknown,unknown,unknown,unknown,unknown,unknown,unknown,unknown,,,,,,,,,,
chamelaucium-uncinatum,Chamelaucium uncinatum,Geraldton wax,yes,WA,shrub,1.5,2.5,1.5,2,3,full_sun / part_shade,light,warm_temperate / cool_temperate / arid,,marked pet-safe,unknown,unknown,unknown,unknown,unknown,unknown,unknown,unknown,,,,,,,,,,
eremophila-maculata,Eremophila maculata,Spotted emu bush,yes,SA NSW VIC QLD,shrub,1,1.5,1,1.5,3,full_sun / part_shade,moderate,warm_temperate / cool_temperate / arid,,marked pet-safe,unknown,unknown,unknown,unknown,unknown,unknown,unknown,unknown,,,,,,,,,,
eremophila-glabra-kalbarri-carpet,Eremophila glabra 'Kalbarri Carpet',Kalbarri carpet,yes,WA,groundcover,0.2,0.3,1.5,2,3,full_sun / part_shade,light,warm_temperate / cool_temperate / arid,,marked pet-safe,unknown,unknown,unknown,unknown,unknown,unknown,unknown,unknown,,,,,,,,,,
dodonaea-viscosa-purpurea,Dodonaea viscosa 'Purpurea',Purple hop bush,yes,NSW QLD SA WA,shrub,2,3,1.5,2.5,4,full_sun / part_shade,light,subtropical / warm_temperate / cool_temperate / arid,,marked pet-safe,unknown,unknown,unknown,unknown,unknown,unknown,unknown,unknown,,,,,,,,,,
syzygium-smithii,Syzygium smithii,Lilly pilly,yes,NSW QLD VIC,tree,4,8,2,4,8,full_sun / part_shade / shade,light,tropical / subtropical / warm_temperate / cool_temperate,,not marked,unknown,unknown,unknown,unknown,unknown,unknown,unknown,unknown,,,,,,,,,,
syzygium-cascade,Syzygium 'Cascade',Weeping lilly pilly,yes,QLD NSW,shrub,3,4,2,3,5,full_sun / part_shade,light,tropical / subtropical / warm_temperate,,marked pet-safe,unknown,unknown,unknown,unknown,unknown,unknown,unknown,unknown,,,,,,,,,,
syzygium-australe-resilience,Syzygium australe 'Resilience',Resilience lilly pilly,yes,QLD NSW,shrub,3,5,1.5,2.5,4,full_sun / part_shade,light,tropical / subtropical / warm_temperate / cool_temperate,,marked pet-safe,unknown,unknown,unknown,unknown,unknown,unknown,unknown,unknown,,,,,,,,,,
syzygium-luehmannii,Syzygium luehmannii,Riberry,yes,QLD NSW,tree,6,10,3,5,10,full_sun / part_shade,none,tropical / subtropical,,marked pet-safe,unknown,unknown,unknown,unknown,unknown,unknown,unknown,unknown,,,,,,,,,,
backhousia-citriodora,Backhousia citriodora,Lemon myrtle,yes,QLD,tree,3,8,2,4,6,full_sun / part_shade / shade,light,tropical / subtropical / warm_temperate,,marked pet-safe,unknown,unknown,unknown,unknown,unknown,unknown,unknown,unknown,,,,,,,,,,
tasmannia-lanceolata,Tasmannia lanceolata,Mountain pepper,yes,TAS VIC NSW,shrub,2,4,1.5,2.5,5,part_shade / shade,heavy,warm_temperate / cool_temperate / alpine,,marked pet-safe,unknown,unknown,unknown,unknown,unknown,unknown,unknown,unknown,,,,,,,,,,
hibbertia-scandens,Hibbertia scandens,Snake vine,yes,QLD NSW,climber,2,4,2,3,3,full_sun / part_shade / shade,light,tropical / subtropical / warm_temperate / cool_temperate,,marked pet-safe,unknown,unknown,unknown,unknown,unknown,unknown,unknown,unknown,,,,,,,,,,
hardenbergia-violacea,Hardenbergia violacea,Native sarsaparilla,yes,NSW VIC QLD SA TAS,climber,1,3,1,2,3,full_sun / part_shade,moderate,subtropical / warm_temperate / cool_temperate / arid,,marked pet-safe,unknown,unknown,unknown,unknown,unknown,unknown,unknown,unknown,,,,,,,,,,
pandorea-pandorana,Pandorea pandorana,Wonga wonga vine,yes,QLD NSW VIC,climber,4,6,2,3,4,full_sun / part_shade / shade,light,tropical / subtropical / warm_temperate / cool_temperate,,marked pet-safe,unknown,unknown,unknown,unknown,unknown,unknown,unknown,unknown,,,,,,,,,,
pandorea-jasminoides,Pandorea jasminoides,Bower of beauty,yes,QLD NSW,climber,4,6,2,3,4,full_sun / part_shade,none,tropical / subtropical / warm_temperate,,not marked,unknown,unknown,unknown,unknown,unknown,unknown,unknown,unknown,,,,,,,,,,
kennedia-prostrata,Kennedia prostrata,Running postman,yes,WA SA VIC TAS NSW,groundcover,0.1,0.2,1,2,2,full_sun / part_shade,moderate,warm_temperate / cool_temperate / arid,,marked pet-safe,unknown,unknown,unknown,unknown,unknown,unknown,unknown,unknown,,,,,,,,,,
lomandra-longifolia-tanika,Lomandra longifolia 'Tanika',Tanika mat rush,yes,NSW QLD,grass,0.6,0.8,0.6,0.8,2,full_sun / part_shade / shade,moderate,tropical / subtropical / warm_temperate / cool_temperate / arid,,marked pet-safe,unknown,unknown,unknown,unknown,unknown,unknown,unknown,unknown,,,,,,,,,,
lomandra-lime-tuff,Lomandra 'Lime Tuff',Lime Tuff mat rush,yes,NSW,grass,0.5,0.6,0.5,0.7,2,full_sun / part_shade / shade,moderate,tropical / subtropical / warm_temperate / cool_temperate,,marked pet-safe,unknown,unknown,unknown,unknown,unknown,unknown,unknown,unknown,,,,,,,,,,
lomandra-hystrix,Lomandra hystrix,Creek mat rush,yes,QLD NSW,grass,0.8,1.2,1,1.5,3,full_sun / part_shade / shade,light,tropical / subtropical / warm_temperate / cool_temperate,,marked pet-safe,unknown,unknown,unknown,unknown,unknown,unknown,unknown,unknown,,,,,,,,,,
dianella-caerulea-little-jess,Dianella caerulea 'Little Jess',Little Jess flax lily,yes,NSW QLD,grass,0.3,0.4,0.4,0.5,2,full_sun / part_shade / shade,moderate,tropical / subtropical / warm_temperate / cool_temperate,toxic_pets,not marked,unknown,unknown,unknown,unknown,unknown,unknown,unknown,unknown,,,,,,,,,,
dianella-tasmanica,Dianella tasmanica,Tasman flax lily,yes,TAS VIC NSW,grass,0.6,1,0.6,1,3,part_shade / shade,heavy,warm_temperate / cool_temperate / alpine,toxic_pets,not marked,unknown,unknown,unknown,unknown,unknown,unknown,unknown,unknown,,,,,,,,,,
poa-labillardierei,Poa labillardierei,Common tussock grass,yes,VIC NSW TAS SA,grass,0.6,0.8,0.6,0.8,2,full_sun / part_shade / shade,heavy,warm_temperate / cool_temperate / arid,,marked pet-safe,unknown,unknown,unknown,unknown,unknown,unknown,unknown,unknown,,,,,,,,,,
themeda-triandra,Themeda triandra,Kangaroo grass,yes,,grass,0.5,1,0.5,0.8,2,full_sun / part_shade,heavy,subtropical / warm_temperate / cool_temperate / arid,,marked pet-safe,unknown,unknown,unknown,unknown,unknown,unknown,unknown,unknown,,,,,,,,,,
ficinia-nodosa,Ficinia nodosa,Knobby club rush,yes,NSW VIC SA TAS WA,grass,0.5,1,0.5,1,2,full_sun / part_shade,moderate,warm_temperate / cool_temperate / arid,,marked pet-safe,unknown,unknown,unknown,unknown,unknown,unknown,unknown,unknown,,,,,,,,,,
anigozanthos-flavidus,Anigozanthos flavidus,Tall kangaroo paw,yes,WA,perennial,1,1.5,0.8,1,2,full_sun / part_shade,moderate,warm_temperate / cool_temperate / subtropical,,marked pet-safe,unknown,unknown,unknown,unknown,unknown,unknown,unknown,unknown,,,,,,,,,,
anigozanthos-bush-ranger,Anigozanthos 'Bush Ranger',Bush Ranger kangaroo paw,yes,WA,perennial,0.5,0.6,0.5,0.6,1,full_sun / part_shade,light,subtropical / warm_temperate / cool_temperate,,marked pet-safe,unknown,unknown,unknown,unknown,unknown,unknown,unknown,unknown,,,,,,,,,,
xerochrysum-bracteatum,Xerochrysum bracteatum,Golden everlasting,yes,,perennial,0.4,0.8,0.4,0.6,1,full_sun / part_shade,moderate,tropical / subtropical / warm_temperate / cool_temperate / arid,,marked pet-safe,unknown,unknown,unknown,unknown,unknown,unknown,unknown,unknown,,,,,,,,,,
brachyscome-multifida,Brachyscome multifida,Cut-leaf daisy,yes,NSW VIC QLD,perennial,0.2,0.3,0.4,0.6,1,full_sun / part_shade,moderate,subtropical / warm_temperate / cool_temperate / arid,,marked pet-safe,unknown,unknown,unknown,unknown,unknown,unknown,unknown,unknown,,,,,,,,,,
scaevola-aemula,Scaevola aemula,Fan flower,yes,,perennial,0.2,0.3,0.6,1,1,full_sun / part_shade,light,tropical / subtropical / warm_temperate / cool_temperate,,marked pet-safe,unknown,unknown,unknown,unknown,unknown,unknown,unknown,unknown,,,,,,,,,,
myoporum-parvifolium,Myoporum parvifolium,Creeping boobialla,yes,SA VIC NSW WA,groundcover,0.1,0.2,1.5,2,3,full_sun / part_shade,moderate,warm_temperate / cool_temperate / arid,,marked pet-safe,unknown,unknown,unknown,unknown,unknown,unknown,unknown,unknown,,,,,,,,,,
carpobrotus-glaucescens,Carpobrotus glaucescens,Pigface,yes,NSW QLD,succulent,0.1,0.2,1,2,2,full_sun / part_shade,light,tropical / subtropical / warm_temperate / cool_temperate,,marked pet-safe,unknown,unknown,unknown,unknown,unknown,unknown,unknown,unknown,,,,,,,,,,
dichondra-repens,Dichondra repens,Kidney weed,yes,,groundcover,0.02,0.05,0.5,1,1,part_shade / shade,light,tropical / subtropical / warm_temperate / cool_temperate / arid,,marked pet-safe,unknown,unknown,unknown,unknown,unknown,unknown,unknown,unknown,,,,,,,,,,
viola-hederacea,Viola hederacea,Native violet,yes,NSW VIC QLD TAS SA,groundcover,0.05,0.1,0.5,1,1,part_shade / shade,moderate,subtropical / warm_temperate / cool_temperate,,marked pet-safe,unknown,unknown,unknown,unknown,unknown,unknown,unknown,unknown,,,,,,,,,,
chrysocephalum-apiculatum,Chrysocephalum apiculatum,Common everlasting,yes,,perennial,0.2,0.5,0.5,0.8,1,full_sun / part_shade,heavy,warm_temperate / cool_temperate / arid,,marked pet-safe,unknown,unknown,unknown,unknown,unknown,unknown,unknown,unknown,,,,,,,,,,
wahlenbergia-stricta,Wahlenbergia stricta,Native bluebell,yes,,perennial,0.3,0.6,0.3,0.5,1,full_sun / part_shade,moderate,subtropical / warm_temperate / cool_temperate / arid,,marked pet-safe,unknown,unknown,unknown,unknown,unknown,unknown,unknown,unknown,,,,,,,,,,
corymbia-ficifolia,Corymbia ficifolia,Red flowering gum,yes,WA,tree,6,10,5,8,12,full_sun / part_shade,light,warm_temperate / cool_temperate / arid,invasive_roots,not marked,unknown,unknown,unknown,unknown,unknown,unknown,unknown,unknown,,,,,,,,,,
eucalyptus-euky-dwarf,Eucalyptus 'Euky Dwarf',Euky Dwarf gum,yes,SA,tree,4,6,3,4,6,full_sun / part_shade,moderate,warm_temperate / cool_temperate / arid,,not marked,unknown,unknown,unknown,unknown,unknown,unknown,unknown,unknown,,,,,,,,,,
corymbia-maculata,Corymbia maculata,Spotted gum,yes,NSW QLD VIC,tree,20,35,10,15,25,full_sun / part_shade,light,subtropical / warm_temperate / cool_temperate,invasive_roots,not marked,unknown,unknown,unknown,unknown,unknown,unknown,unknown,unknown,,,,,,,,,,
angophora-costata,Angophora costata,Sydney red gum,yes,NSW QLD,tree,15,25,10,15,30,full_sun / part_shade,light,subtropical / warm_temperate / cool_temperate,invasive_roots,not marked,unknown,unknown,unknown,unknown,unknown,unknown,unknown,unknown,,,,,,,,,,
melaleuca-quinquenervia,Melaleuca quinquenervia,Broad-leaved paperbark,yes,QLD NSW,tree,8,20,4,8,12,full_sun / part_shade,light,tropical / subtropical / warm_temperate / cool_temperate,invasive_roots,not marked,unknown,unknown,unknown,unknown,unknown,unknown,unknown,unknown,,,,,,,,,,
waterhousea-floribunda,Waterhousea floribunda,Weeping lilly pilly (tree),yes,QLD NSW,tree,10,20,6,10,20,full_sun / part_shade,none,tropical / subtropical / warm_temperate,invasive_roots,not marked,unknown,unknown,unknown,unknown,unknown,unknown,unknown,unknown,,,,,,,,,,
elaeocarpus-reticulatus,Elaeocarpus reticulatus,Blueberry ash,yes,QLD NSW VIC,tree,5,10,3,5,10,full_sun / part_shade / shade,light,tropical / subtropical / warm_temperate / cool_temperate,,marked pet-safe,unknown,unknown,unknown,unknown,unknown,unknown,unknown,unknown,,,,,,,,,,
tristaniopsis-laurina-luscious,Tristaniopsis laurina 'Luscious',Water gum,yes,NSW VIC,tree,5,8,3,4,10,full_sun / part_shade,light,subtropical / warm_temperate / cool_temperate,,marked pet-safe,unknown,unknown,unknown,unknown,unknown,unknown,unknown,unknown,,,,,,,,,,
brachychiton-acerifolius,Brachychiton acerifolius,Illawarra flame tree,yes,QLD NSW,tree,10,20,5,10,20,full_sun / part_shade,none,tropical / subtropical / warm_temperate,invasive_roots,not marked,unknown,unknown,unknown,unknown,unknown,unknown,unknown,unknown,,,,,,,,,,
agonis-flexuosa,Agonis flexuosa,Willow myrtle,yes,WA,tree,6,10,5,8,12,full_sun / part_shade,light,warm_temperate / cool_temperate / arid,invasive_roots,not marked,unknown,unknown,unknown,unknown,unknown,unknown,unknown,unknown,,,,,,,,,,
cupaniopsis-anacardioides,Cupaniopsis anacardioides,Tuckeroo,yes,QLD NSW,tree,6,10,4,6,12,full_sun / part_shade,none,tropical / subtropical / warm_temperate,,not marked,unknown,unknown,unknown,unknown,unknown,unknown,unknown,unknown,,,,,,,,,,
stenocarpus-sinuatus,Stenocarpus sinuatus,Firewheel tree,yes,QLD NSW,tree,10,20,5,8,20,full_sun / part_shade / shade,none,tropical / subtropical / warm_temperate,,not marked,unknown,unknown,unknown,unknown,unknown,unknown,unknown,unknown,,,,,,,,,,
macadamia-integrifolia,Macadamia integrifolia,Macadamia,yes,QLD NSW,tree,6,10,5,8,8,full_sun / part_shade,none,tropical / subtropical,toxic_pets,not marked,unknown,unknown,unknown,unknown,unknown,unknown,unknown,unknown,,,,,,,,,,
archontophoenix-cunninghamiana,Archontophoenix cunninghamiana,Bangalow palm,yes,QLD NSW,palm,10,15,3,4,12,part_shade / shade,none,tropical / subtropical / warm_temperate,,marked pet-safe,unknown,unknown,unknown,unknown,unknown,unknown,unknown,unknown,,,,,,,,,,
livistona-australis,Livistona australis,Cabbage tree palm,yes,QLD NSW VIC,palm,10,25,3,5,20,full_sun / part_shade,light,tropical / subtropical / warm_temperate / cool_temperate,,marked pet-safe,unknown,unknown,unknown,unknown,unknown,unknown,unknown,unknown,,,,,,,,,,
howea-forsteriana,Howea forsteriana,Kentia palm,yes,NSW,palm,6,10,3,4,15,part_shade / shade,light,tropical / subtropical / warm_temperate,,marked pet-safe,unknown,unknown,unknown,unknown,unknown,unknown,unknown,unknown,,,,,,,,,,
dicksonia-antarctica,Dicksonia antarctica,Soft tree fern,yes,TAS VIC NSW,fern,2,5,2,4,15,part_shade / shade,heavy,warm_temperate / cool_temperate,,marked pet-safe,unknown,unknown,unknown,unknown,unknown,unknown,unknown,unknown,,,,,,,,,,
cyathea-australis,Cyathea australis,Rough tree fern,yes,QLD NSW VIC TAS,fern,3,8,2,4,15,part_shade / shade,moderate,subtropical / warm_temperate / cool_temperate,,marked pet-safe,unknown,unknown,unknown,unknown,unknown,unknown,unknown,unknown,,,,,,,,,,
adiantum-aethiopicum,Adiantum aethiopicum,Common maidenhair,yes,,fern,0.2,0.4,0.3,0.5,2,shade,light,tropical / subtropical / warm_temperate / cool_temperate,,marked pet-safe,unknown,unknown,unknown,unknown,unknown,unknown,unknown,unknown,,,,,,,,,,
platycerium-bifurcatum,Platycerium bifurcatum,Elkhorn fern,yes,QLD NSW,fern,0.5,0.8,0.5,0.8,3,part_shade / shade,light,tropical / subtropical / warm_temperate,,marked pet-safe,unknown,unknown,unknown,unknown,unknown,unknown,unknown,unknown,,,,,,,,,,
cordyline-stricta,Cordyline stricta,Narrow-leaf palm lily,yes,QLD NSW,shrub,2,3,1,1.5,5,part_shade / shade,light,tropical / subtropical / warm_temperate,toxic_pets,not marked,unknown,unknown,unknown,unknown,unknown,unknown,unknown,unknown,,,,,,,,,,
xanthorrhoea-johnsonii,Xanthorrhoea johnsonii,Grass tree,yes,QLD NSW,shrub,1,3,1,2,40,full_sun / part_shade,moderate,subtropical / warm_temperate / cool_temperate / arid,,not marked,unknown,unknown,unknown,unknown,unknown,unknown,unknown,unknown,,,,,,,,,,
doryanthes-excelsa,Doryanthes excelsa,Gymea lily,yes,NSW,perennial,1.5,2,1.5,2,6,full_sun / part_shade,light,subtropical / warm_temperate / cool_temperate,,marked pet-safe,unknown,unknown,unknown,unknown,unknown,unknown,unknown,unknown,,,,,,,,,,
macrozamia-communis,Macrozamia communis,Burrawang,yes,NSW,shrub,1,2,1.5,2.5,20,part_shade / shade,light,subtropical / warm_temperate / cool_temperate,toxic_pets / toxic_people,not marked,unknown,unknown,unknown,unknown,unknown,unknown,unknown,unknown,,,,,,,,,,
plumeria-rubra,Plumeria rubra,Frangipani,no,,tree,3,6,3,5,8,full_sun,none,tropical / subtropical,toxic_pets,not marked,unknown,unknown,unknown,unknown,unknown,unknown,unknown,unknown,,,,,,,,,,
lagerstroemia-indica,Lagerstroemia indica,Crepe myrtle,no,,tree,3,6,2,4,6,full_sun,heavy,subtropical / warm_temperate / cool_temperate / arid,,not marked,unknown,unknown,unknown,unknown,unknown,unknown,unknown,unknown,,,,,,,,,,
jacaranda-mimosifolia,Jacaranda mimosifolia,Jacaranda,no,,tree,10,15,8,10,15,full_sun,light,subtropical / warm_temperate / cool_temperate,invasive_roots,not marked,unknown,unknown,unknown,unknown,unknown,unknown,unknown,unknown,,,,,,,,,,
acer-palmatum,Acer palmatum,Japanese maple,no,,tree,3,6,3,5,15,part_shade / shade,heavy,warm_temperate / cool_temperate,,marked pet-safe,unknown,unknown,unknown,unknown,unknown,unknown,unknown,unknown,,,,,,,,,,
magnolia-grandiflora-little-gem,Magnolia grandiflora 'Little Gem',Little Gem magnolia,no,,tree,4,6,2,3,10,full_sun / part_shade,moderate,subtropical / warm_temperate / cool_temperate,,not marked,unknown,unknown,unknown,unknown,unknown,unknown,unknown,unknown,,,,,,,,,,
citrus-limon-meyer,Citrus limon 'Meyer',Meyer lemon,no,,edible,2,3,2,3,4,full_sun,light,tropical / subtropical / warm_temperate / cool_temperate,toxic_pets,not marked,unknown,unknown,unknown,unknown,unknown,unknown,unknown,unknown,,,,,,,,,,
citrus-sinensis-washington,Citrus sinensis 'Washington',Washington navel orange,no,,edible,3,4,3,4,5,full_sun,light,subtropical / warm_temperate / cool_temperate,toxic_pets,not marked,unknown,unknown,unknown,unknown,unknown,unknown,unknown,unknown,,,,,,,,,,
citrus-latifolia-tahitian,Citrus latifolia 'Tahitian',Tahitian lime,no,,edible,3,4,3,4,4,full_sun,none,tropical / subtropical,toxic_pets,not marked,unknown,unknown,unknown,unknown,unknown,unknown,unknown,unknown,,,,,,,,,,
citrus-reticulata-imperial,Citrus reticulata 'Imperial',Imperial mandarin,no,,edible,2.5,3.5,2.5,3.5,4,full_sun,light,subtropical / warm_temperate / cool_temperate,toxic_pets,not marked,unknown,unknown,unknown,unknown,unknown,unknown,unknown,unknown,,,,,,,,,,
ficus-carica,Ficus carica,Common fig,no,,edible,3,5,3,5,5,full_sun,heavy,warm_temperate / cool_temperate / arid,toxic_pets / invasive_roots,not marked,unknown,unknown,unknown,unknown,unknown,unknown,unknown,unknown,,,,,,,,,,
mangifera-indica,Mangifera indica,Mango,no,,edible,8,15,6,10,8,full_sun,none,tropical,toxic_pets,not marked,unknown,unknown,unknown,unknown,unknown,unknown,unknown,unknown,,,,,,,,,,
persea-americana,Persea americana,Avocado,no,,edible,6,10,4,6,6,full_sun / part_shade,none,tropical / subtropical,toxic_pets / invasive_roots,not marked,unknown,unknown,unknown,unknown,unknown,unknown,unknown,unknown,,,,,,,,,,
olea-europaea,Olea europaea,Olive,no,,tree,4,8,4,6,10,full_sun,moderate,warm_temperate / cool_temperate / arid,toxic_pets,not marked,unknown,unknown,unknown,unknown,unknown,unknown,unknown,unknown,,,,,,,,,,
acca-sellowiana,Acca sellowiana,Feijoa,no,,edible,2,4,2,3,5,full_sun / part_shade,moderate,subtropical / warm_temperate / cool_temperate,,marked pet-safe,unknown,unknown,unknown,unknown,unknown,unknown,unknown,unknown,,,,,,,,,,
pittosporum-tenuifolium-silver-sheen,Pittosporum tenuifolium 'Silver Sheen',Silver Sheen pittosporum,no,,tree,3,5,1.5,2,6,full_sun / part_shade,moderate,warm_temperate / cool_temperate,,not marked,unknown,unknown,unknown,unknown,unknown,unknown,unknown,unknown,,,,,,,,,,
photinia-red-robin,Photinia 'Red Robin',Red Robin photinia,no,,shrub,3,4,2,3,5,full_sun / part_shade,moderate,subtropical / warm_temperate / cool_temperate,toxic_pets,not marked,unknown,unknown,unknown,unknown,unknown,unknown,unknown,unknown,,,,,,,,,,
gardenia-augusta-florida,Gardenia augusta 'Florida',Gardenia,no,,shrub,1,1.5,1,1.5,4,part_shade / shade,light,tropical / subtropical / warm_temperate,toxic_pets,not marked,unknown,unknown,unknown,unknown,unknown,unknown,unknown,unknown,,,,,,,,,,
murraya-paniculata,Murraya paniculata,Orange jasmine,no,,shrub,2,4,1.5,3,5,full_sun / part_shade,light,tropical / subtropical / warm_temperate,,not marked,unknown,unknown,unknown,unknown,unknown,unknown,unknown,unknown,,,,,,,,,,
camellia-sasanqua,Camellia sasanqua,Sasanqua camellia,no,,shrub,2,4,1.5,3,8,part_shade / shade,moderate,subtropical / warm_temperate / cool_temperate,,marked pet-safe,unknown,unknown,unknown,unknown,unknown,unknown,unknown,unknown,,,,,,,,,,
camellia-japonica,Camellia japonica,Japanese camellia,no,,shrub,2,4,1.5,3,10,part_shade / shade,moderate,subtropical / warm_temperate / cool_temperate,,marked pet-safe,unknown,unknown,unknown,unknown,unknown,unknown,unknown,unknown,,,,,,,,,,
hydrangea-macrophylla,Hydrangea macrophylla,Hydrangea,no,,shrub,1,2,1,2,3,part_shade / shade,moderate,warm_temperate / cool_temperate,toxic_pets,not marked,unknown,unknown,unknown,unknown,unknown,unknown,unknown,unknown,,,,,,,,,,
rhododendron-indicum,Rhododendron indicum,Azalea,no,,shrub,0.6,1.5,0.8,1.5,5,part_shade / shade,moderate,subtropical / warm_temperate / cool_temperate,toxic_pets,marked pet-safe,unknown,unknown,unknown,unknown,unknown,unknown,unknown,unknown,,,,,,,,,,
hibiscus-rosa-sinensis,Hibiscus rosa-sinensis,Tropical hibiscus,no,,shrub,1.5,3,1.5,2.5,3,full_sun,none,tropical / subtropical,,not marked,unknown,unknown,unknown,unknown,unknown,unknown,unknown,unknown,,,,,,,,,,
rosa-iceberg,Rosa 'Iceberg',Iceberg rose,no,,shrub,1,1.2,0.8,1,2,full_sun,heavy,subtropical / warm_temperate / cool_temperate,spiky,marked pet-safe,unknown,unknown,unknown,unknown,unknown,unknown,unknown,unknown,,,,,,,,,,
lavandula-angustifolia,Lavandula angustifolia,English lavender,no,,shrub,0.5,0.8,0.6,0.9,2,full_sun,heavy,warm_temperate / cool_temperate / alpine,toxic_pets,not marked,unknown,unknown,unknown,unknown,unknown,unknown,unknown,unknown,,,,,,,,,,
lavandula-dentata,Lavandula dentata,French lavender,no,,shrub,0.8,1,0.8,1,2,full_sun,light,subtropical / warm_temperate / cool_temperate / arid,toxic_pets,not marked,unknown,unknown,unknown,unknown,unknown,unknown,unknown,unknown,,,,,,,,,,
rosmarinus-officinalis,Rosmarinus officinalis,Rosemary,no,,edible,0.8,1.5,0.8,1.5,2,full_sun,moderate,subtropical / warm_temperate / cool_temperate / arid,,marked pet-safe,unknown,unknown,unknown,unknown,unknown,unknown,unknown,unknown,,,,,,,,,,
buxus-microphylla-japonica,Buxus microphylla 'Japonica',Japanese box,no,,shrub,0.8,1.5,0.8,1.5,6,full_sun / part_shade / shade,heavy,subtropical / warm_temperate / cool_temperate,toxic_pets,not marked,unknown,unknown,unknown,unknown,unknown,unknown,unknown,unknown,,,,,,,,,,
nandina-domestica,Nandina domestica,Heavenly bamboo,no,,shrub,1.5,2,0.8,1.2,5,part_shade / shade,heavy,subtropical / warm_temperate / cool_temperate,toxic_pets / toxic_people,not marked,"LISTED (draft, unverified)","LISTED (draft, unverified)","LISTED (draft, unverified)",unknown,"LISTED (draft, unverified)",unknown,unknown,unknown,,,,,,,,,,
lantana-camara,Lantana camara,Lantana,no,,shrub,1,2,1.5,2.5,2,full_sun,light,tropical / subtropical / warm_temperate / cool_temperate / arid,toxic_pets / toxic_people,not marked,"LISTED (draft, unverified)","LISTED (draft, unverified)","LISTED (draft, unverified)","LISTED (draft, unverified)","LISTED (draft, unverified)","LISTED (draft, unverified)","LISTED (draft, unverified)",unknown,,,,,,,,,,
rhaphiolepis-oriental-pearl,Rhaphiolepis 'Oriental Pearl',Indian hawthorn,no,,shrub,1,1.5,1,1.5,5,full_sun / part_shade,moderate,subtropical / warm_temperate / cool_temperate,,marked pet-safe,unknown,unknown,unknown,unknown,unknown,unknown,unknown,unknown,,,,,,,,,,
pittosporum-miss-muffet,Pittosporum 'Miss Muffet',Dwarf pittosporum,no,,shrub,0.4,0.6,0.6,0.9,3,full_sun / part_shade,moderate,subtropical / warm_temperate / cool_temperate,,marked pet-safe,unknown,unknown,unknown,unknown,unknown,unknown,unknown,unknown,,,,,,,,,,
duranta-erecta-geisha-girl,Duranta erecta 'Geisha Girl',Geisha Girl duranta,no,,shrub,1.5,2,1.5,2,3,full_sun / part_shade,none,tropical / subtropical / warm_temperate,toxic_pets,not marked,unknown,unknown,unknown,unknown,unknown,unknown,unknown,unknown,,,,,,,,,,
salvia-leucantha,Salvia leucantha,Mexican bush sage,no,,perennial,1,1.2,1,1.5,2,full_sun,moderate,subtropical / warm_temperate / cool_temperate / arid,,not marked,unknown,unknown,unknown,unknown,unknown,unknown,unknown,unknown,,,,,,,,,,
agapanthus-praecox-peter-pan,Agapanthus praecox 'Peter Pan',Peter Pan agapanthus,no,,perennial,0.5,0.7,0.5,0.7,2,full_sun / part_shade,moderate,subtropical / warm_temperate / cool_temperate / arid,toxic_pets,not marked,unknown,unknown,unknown,unknown,"LISTED (draft, unverified)",unknown,unknown,unknown,,,,,,,,,,
echinacea-purpurea,Echinacea purpurea,Purple coneflower,no,,perennial,0.6,0.9,0.4,0.6,2,full_sun,heavy,warm_temperate / cool_temperate,,not marked,unknown,unknown,unknown,unknown,unknown,unknown,unknown,unknown,,,,,,,,,,
gaura-lindheimeri,Gaura lindheimeri,Whirling butterflies,no,,perennial,0.8,1.2,0.8,1,2,full_sun / part_shade,moderate,subtropical / warm_temperate / cool_temperate / arid,,not marked,unknown,unknown,unknown,unknown,unknown,unknown,unknown,unknown,,,,,,,,,,
hemerocallis-hybrid,Hemerocallis hybrid,Day lily,no,,perennial,0.5,0.8,0.5,0.8,2,full_sun / part_shade,heavy,subtropical / warm_temperate / cool_temperate,,marked pet-safe,unknown,unknown,unknown,unknown,unknown,unknown,unknown,unknown,,,,,,,,,,
iris-germanica,Iris germanica,Bearded iris,no,,perennial,0.6,0.9,0.4,0.6,2,full_sun,heavy,warm_temperate / cool_temperate / arid,toxic_pets,not marked,unknown,unknown,unknown,unknown,unknown,unknown,unknown,unknown,,,,,,,,,,
dietes-grandiflora,Dietes grandiflora,Wild iris,no,,perennial,0.8,1.2,0.8,1.2,2,full_sun / part_shade,light,tropical / subtropical / warm_temperate / cool_temperate,toxic_pets,not marked,unknown,unknown,unknown,unknown,unknown,unknown,unknown,unknown,,,,,,,,,,
liriope-muscari,Liriope muscari,Lilyturf,no,,grass,0.3,0.4,0.4,0.5,2,part_shade / shade,moderate,tropical / subtropical / warm_temperate / cool_temperate,,marked pet-safe,unknown,unknown,unknown,unknown,unknown,unknown,unknown,unknown,,,,,,,,,,
ophiopogon-japonicus,Ophiopogon japonicus,Mondo grass,no,,grass,0.1,0.2,0.2,0.3,2,full_sun / part_shade / shade,moderate,tropical / subtropical / warm_temperate / cool_temperate,,marked pet-safe,unknown,unknown,unknown,unknown,unknown,unknown,unknown,unknown,,,,,,,,,,
clivia-miniata,Clivia miniata,Clivia,no,,perennial,0.5,0.7,0.6,0.8,3,shade,light,subtropical / warm_temperate / cool_temperate,toxic_pets / toxic_people,not marked,unknown,unknown,unknown,unknown,unknown,unknown,unknown,unknown,,,,,,,,,,
neoregelia-carolinae,Neoregelia carolinae,Blushing bromeliad,no,,perennial,0.3,0.4,0.5,0.6,2,part_shade / shade,none,tropical / subtropical,,marked pet-safe,unknown,unknown,unknown,unknown,unknown,unknown,unknown,unknown,,,,,,,,,,
agave-attenuata,Agave attenuata,Soft-leaf agave,no,,succulent,0.8,1.2,1,1.5,5,full_sun / part_shade,none,tropical / subtropical / warm_temperate / cool_temperate,,not marked,unknown,unknown,unknown,unknown,unknown,unknown,unknown,unknown,,,,,,,,,,
aloe-vera,Aloe vera,Aloe vera,no,,succulent,0.4,0.6,0.5,0.7,3,full_sun / part_shade,none,tropical / subtropical / warm_temperate / cool_temperate,,not marked,unknown,unknown,unknown,unknown,unknown,unknown,unknown,unknown,,,,,,,,,,
crassula-ovata,Crassula ovata,Jade plant,no,,succulent,0.6,1,0.6,1,5,full_sun / part_shade,light,tropical / subtropical / warm_temperate / cool_temperate / arid,toxic_pets,not marked,unknown,unknown,unknown,unknown,unknown,unknown,unknown,unknown,,,,,,,,,,
echeveria-elegans,Echeveria elegans,Mexican snowball,no,,succulent,0.1,0.15,0.15,0.25,2,full_sun / part_shade,light,tropical / subtropical / warm_temperate / cool_temperate,,marked pet-safe,unknown,unknown,unknown,unknown,unknown,unknown,unknown,unknown,,,,,,,,,,
phormium-jester,Phormium 'Jester',Jester flax,no,,perennial,0.8,1.2,0.8,1.2,3,full_sun / part_shade,moderate,subtropical / warm_temperate / cool_temperate,,not marked,unknown,unknown,unknown,unknown,unknown,unknown,unknown,unknown,,,,,,,,,,
cordyline-australis-red-star,Cordyline australis 'Red Star',Red Star cordyline,no,,shrub,1.5,3,1,1.5,5,full_sun / part_shade,moderate,warm_temperate / cool_temperate,toxic_pets,not marked,unknown,unknown,unknown,unknown,unknown,unknown,unknown,unknown,,,,,,,,,,
trachelospermum-jasminoides,Trachelospermum jasminoides,Star jasmine,no,,climber,3,5,2,4,4,full_sun / part_shade / shade,moderate,subtropical / warm_temperate / cool_temperate,,marked pet-safe,unknown,unknown,unknown,unknown,unknown,unknown,unknown,unknown,,,,,,,,,,
bougainvillea-glabra,Bougainvillea glabra,Bougainvillea,no,,climber,3,8,3,5,4,full_sun,none,tropical / subtropical / warm_temperate / arid,spiky,not marked,unknown,unknown,unknown,unknown,unknown,unknown,unknown,unknown,,,,,,,,,,
wisteria-sinensis,Wisteria sinensis,Chinese wisteria,no,,climber,8,12,5,8,8,full_sun / part_shade,heavy,warm_temperate / cool_temperate,toxic_pets / toxic_people,not marked,unknown,unknown,unknown,unknown,unknown,unknown,unknown,unknown,,,,,,,,,,
jasminum-polyanthum,Jasminum polyanthum,Pink jasmine,no,,climber,3,6,2,4,3,full_sun / part_shade / shade,light,subtropical / warm_temperate / cool_temperate,,not marked,"LISTED (draft, unverified)","LISTED (draft, unverified)","LISTED (draft, unverified)","LISTED (draft, unverified)","LISTED (draft, unverified)",unknown,unknown,unknown,,,,,,,,,,
passiflora-edulis,Passiflora edulis,Passionfruit,no,,climber,4,6,3,5,2,full_sun,none,tropical / subtropical / warm_temperate,toxic_pets,not marked,unknown,unknown,unknown,unknown,unknown,unknown,unknown,unknown,,,,,,,,,,
hedera-helix,Hedera helix,English ivy,no,,climber,5,20,3,8,5,part_shade / shade,heavy,warm_temperate / cool_temperate / alpine,toxic_pets / toxic_people,not marked,"LISTED (draft, unverified)","LISTED (draft, unverified)","LISTED (draft, unverified)","LISTED (draft, unverified)","LISTED (draft, unverified)","LISTED (draft, unverified)",unknown,unknown,,,,,,,,,,
nassella-tenuissima,Nassella tenuissima,Mexican feather grass,no,,grass,0.4,0.6,0.4,0.6,2,full_sun,heavy,warm_temperate / cool_temperate / arid,,not marked,"LISTED (draft, unverified)","LISTED (draft, unverified)",unknown,"LISTED (draft, unverified)","LISTED (draft, unverified)","LISTED (draft, unverified)",unknown,unknown,,,,,,,,,,
vaccinium-corymbosum,Vaccinium corymbosum,Blueberry,no,,edible,1,2,1,1.5,4,full_sun / part_shade,heavy,warm_temperate / cool_temperate / alpine,,not marked,unknown,unknown,unknown,unknown,unknown,unknown,unknown,unknown,,,,,,,,,,
fragaria-x-ananassa,Fragaria x ananassa,Strawberry,no,,edible,0.15,0.25,0.3,0.5,1,full_sun,moderate,subtropical / warm_temperate / cool_temperate / alpine,,marked pet-safe,unknown,unknown,unknown,unknown,unknown,unknown,unknown,unknown,,,,,,,,,,
ocimum-basilicum,Ocimum basilicum,Basil,no,,edible,0.3,0.6,0.3,0.4,1,full_sun,none,tropical / subtropical / warm_temperate / cool_temperate,,marked pet-safe,unknown,unknown,unknown,unknown,unknown,unknown,unknown,unknown,,,,,,,,,,
petroselinum-crispum,Petroselinum crispum,Parsley,no,,edible,0.3,0.4,0.3,0.4,1,full_sun / part_shade,moderate,tropical / subtropical / warm_temperate / cool_temperate / alpine,toxic_pets,not marked,unknown,unknown,unknown,unknown,unknown,unknown,unknown,unknown,,,,,,,,,,
mentha-spicata,Mentha spicata,Spearmint,no,,edible,0.3,0.6,1,2,1,part_shade / shade,moderate,tropical / subtropical / warm_temperate / cool_temperate / alpine,,not marked,unknown,unknown,unknown,unknown,unknown,unknown,unknown,unknown,,,,,,,,,,
thymus-vulgaris,Thymus vulgaris,Thyme,no,,edible,0.2,0.3,0.3,0.4,1,full_sun,heavy,subtropical / warm_temperate / cool_temperate / arid / alpine,,marked pet-safe,unknown,unknown,unknown,unknown,unknown,unknown,unknown,unknown,,,,,,,,,,
origanum-vulgare,Origanum vulgare,Oregano,no,,edible,0.3,0.5,0.4,0.6,1,full_sun,heavy,subtropical / warm_temperate / cool_temperate / arid / alpine,,marked pet-safe,unknown,unknown,unknown,unknown,unknown,unknown,unknown,unknown,,,,,,,,,,
allium-schoenoprasum,Allium schoenoprasum,Chives,no,,edible,0.2,0.3,0.2,0.3,1,full_sun / part_shade,heavy,subtropical / warm_temperate / cool_temperate / alpine,toxic_pets,not marked,unknown,unknown,unknown,unknown,unknown,unknown,unknown,unknown,,,,,,,,,,
salvia-officinalis,Salvia officinalis,Common sage,no,,edible,0.5,0.7,0.5,0.8,2,full_sun,heavy,warm_temperate / cool_temperate / arid / alpine,,marked pet-safe,unknown,unknown,unknown,unknown,unknown,unknown,unknown,unknown,,,,,,,,,,
solanum-lycopersicum,Solanum lycopersicum,Tomato,no,,edible,1,2,0.5,0.8,1,full_sun,none,tropical / subtropical / warm_temperate / cool_temperate,toxic_pets,not marked,unknown,unknown,unknown,unknown,unknown,unknown,unknown,unknown,,,,,,,,,,
beta-vulgaris-subsp-cicla,Beta vulgaris subsp. cicla,Silverbeet,no,,edible,0.5,0.7,0.4,0.5,1,full_sun / part_shade,moderate,subtropical / warm_temperate / cool_temperate / alpine,,marked pet-safe,unknown,unknown,unknown,unknown,unknown,unknown,unknown,unknown,,,,,,,,,,
brassica-oleracea-tuscan,Brassica oleracea 'Tuscan',Tuscan kale,no,,edible,0.6,0.9,0.5,0.6,1,full_sun / part_shade,heavy,subtropical / warm_temperate / cool_temperate / alpine,,marked pet-safe,unknown,unknown,unknown,unknown,unknown,unknown,unknown,unknown,,,,,,,,,,
capsicum-annuum,Capsicum annuum,Capsicum,no,,edible,0.6,0.9,0.4,0.6,1,full_sun,none,tropical / subtropical / warm_temperate,,not marked,unknown,unknown,unknown,unknown,unknown,unknown,unknown,unknown,,,,,,,,,,
lactuca-sativa,Lactuca sativa,Lettuce,no,,edible,0.15,0.3,0.2,0.3,1,full_sun / part_shade,light,tropical / subtropical / warm_temperate / cool_temperate / alpine,,marked pet-safe,unknown,unknown,unknown,unknown,unknown,unknown,unknown,unknown,,,,,,,,,,
phoenix-roebelenii,Phoenix roebelenii,Pygmy date palm,no,,palm,2,3,1.5,2,10,full_sun / part_shade,none,tropical / subtropical / warm_temperate,spiky,marked pet-safe,unknown,unknown,unknown,unknown,unknown,unknown,unknown,unknown,,,,,,,,,,
dypsis-lutescens,Dypsis lutescens,Golden cane palm,no,,palm,4,6,2,3,8,part_shade / shade,none,tropical / subtropical,,marked pet-safe,unknown,unknown,unknown,unknown,unknown,unknown,unknown,unknown,,,,,,,,,,
chamaedorea-elegans,Chamaedorea elegans,Parlour palm,no,,palm,1,2,0.8,1.2,8,shade,none,tropical / subtropical,,marked pet-safe,unknown,unknown,unknown,unknown,unknown,unknown,unknown,unknown,,,,,,,,,,
bambusa-multiplex-alphonse-karr,Bambusa multiplex 'Alphonse Karr',Clumping bamboo,no,,grass,4,8,2,3,5,full_sun / part_shade,light,tropical / subtropical / warm_temperate,,not marked,unknown,unknown,unknown,unknown,unknown,unknown,unknown,unknown,,,,,,,,,,
nephrolepis-cordifolia,Nephrolepis cordifolia,Fishbone fern,no,,fern,0.4,0.6,0.5,0.8,2,part_shade / shade,light,tropical / subtropical / warm_temperate,,marked pet-safe,unknown,unknown,unknown,unknown,unknown,unknown,unknown,unknown,,,,,,,,,,
impatiens-walleriana,Impatiens walleriana,Impatiens,no,,annual,0.2,0.3,0.3,0.4,1,part_shade / shade,none,tropical / subtropical / warm_temperate,,marked pet-safe,unknown,unknown,unknown,unknown,unknown,unknown,unknown,unknown,,,,,,,,,,
tagetes-patula,Tagetes patula,French marigold,no,,annual,0.2,0.3,0.2,0.3,1,full_sun,light,tropical / subtropical / warm_temperate / cool_temperate,,marked pet-safe,unknown,unknown,unknown,unknown,unknown,unknown,unknown,unknown,,,,,,,,,,
viola-x-wittrockiana,Viola x wittrockiana,Pansy,no,,annual,0.15,0.25,0.2,0.3,1,full_sun / part_shade,heavy,subtropical / warm_temperate / cool_temperate / alpine,,marked pet-safe,unknown,unknown,unknown,unknown,unknown,unknown,unknown,unknown,,,,,,,,,,
nymphaea-rose-arey,Nymphaea 'Rose Arey',Water lily,no,,aquatic,0.05,0.1,0.8,1.2,2,full_sun,light,tropical / subtropical / warm_temperate / cool_temperate,,not marked,unknown,unknown,unknown,unknown,unknown,unknown,unknown,unknown,,,,,,,,,,
cyperus-involucratus,Cyperus involucratus,Umbrella sedge,no,,aquatic,0.6,1,0.4,0.6,2,full_sun / part_shade,light,tropical / subtropical / warm_temperate / cool_temperate,,not marked,unknown,unknown,unknown,unknown,unknown,unknown,unknown,unknown,,,,,,,,,,
sedum-autumn-joy,Sedum 'Autumn Joy',Stonecrop,no,,succulent,0.4,0.6,0.4,0.6,2,full_sun,heavy,warm_temperate / cool_temperate / arid / alpine,,marked pet-safe,unknown,unknown,unknown,unknown,unknown,unknown,unknown,unknown,,,,,,,,,,
pelargonium-x-hortorum,Pelargonium x hortorum,Zonal geranium,no,,perennial,0.3,0.6,0.3,0.5,2,full_sun,light,subtropical / warm_temperate / cool_temperate / arid,toxic_pets,not marked,unknown,unknown,unknown,unknown,unknown,unknown,unknown,unknown,,,,,,,,,,
dianthus-mrs-sinkins,Dianthus 'Mrs Sinkins',Pinks,no,,perennial,0.2,0.3,0.3,0.5,1,full_sun,heavy,warm_temperate / cool_temperate / alpine,toxic_pets,marked pet-safe,unknown,unknown,unknown,unknown,unknown,unknown,unknown,unknown,,,,,,,,,,
cymbopogon-citratus,Cymbopogon citratus,Lemongrass,no,,edible,1,1.5,1,1.5,1,full_sun,none,tropical / subtropical / warm_temperate,toxic_pets,not marked,unknown,unknown,unknown,unknown,unknown,unknown,unknown,unknown,,,,,,,,,,
zingiber-officinale,Zingiber officinale,Ginger,no,,edible,0.6,1,0.5,0.8,1,part_shade / shade,none,tropical / subtropical,,not marked,unknown,unknown,unknown,unknown,unknown,unknown,unknown,unknown,,,,,,,,,,
alocasia-macrorrhizos,Alocasia macrorrhizos,Elephant ear,no,,perennial,1.5,3,1.5,2.5,3,part_shade / shade,none,tropical / subtropical,toxic_pets / toxic_people,not marked,unknown,unknown,unknown,unknown,unknown,unknown,unknown,unknown,,,,,,,,,,
